Category: All categories,
"skyrizi: (3/11/26, 1:36 PM - 3/18/26, 1:36 PM, United States)",
,
TOP,
what is skyrizi,100
skyrizi psoriasis,81
psoriasis,80
skyrizi cost,59
what is skyrizi for,57
skyrizi injection,52
skyrizi commercial,44
tremfya,40
skyrizi dosing,39
skyrizi for psoriasis,37
skyrizi medication,35
skyrizi used for,29
skyrizi dose,28
skyrizi abbvie,26
rinvoq,25
otezla,25
abbvie,25
skyrizi infusion,22
skyrizi crohn's disease,22
crohn's disease,21
skyrizi price,21
skyrizi copay card,20
stelara,20
humira,20
what is skyrizi used for,19
,
RISING,
goodrx,Breakout
dupixent cost,Breakout
aws,"4,900%"
icotyde,350%
nothing is everything commercial,250%
skyrizi commercial actress,190%
skyrizi commercial cast,130%
tremfya cost,110%
skyrizi actress,100%
skyrizi commercial girl,90%